Channel 1,Channel 2,Channel 3,Channel 4,Channel 5,Channel 6,Channel 7,Channel 8
340750.01963973284,339854.698163831,337277.631435112,341167.3714122023,336631.75542733143,332833.2105676187,339679.8181152127,341881.37553708267
340763.430686406,339938.3830950717,337264.7568303057,341132.50269085204,336655.3588694762,332863.7877540336,339677.1359058781,341876.01111841336
340731.24417439033,339959.8407697488,337264.7568303057,341161.4705516661,336636.04696226685,332853.59535856196,339679.8181152127,341871.183141611
340721.58822078566,339939.9924206725,337281.38652818045,341161.4705516661,336628.0003342629,332847.1580561588,339690.01051068434,341874.9382346795
340690.47459250386,339920.6805134631,337299.08910978906,341180.24601700855,336641.94782280305,332864.32419590047,339700.7393480229,341886.7399557519
340742.50945359585,339912.6338854592,337301.23487725673,341174.8815983393,336628.53677612985,332865.93352150125,339708.24953415984,341870.6466997441
340714.6144765156,339899.222838786,337310.89083086146,341172.73583087156,336602.7875665173,332859.49621909816,339712.00462722837,341883.52130455035
340725.8797557211,339897.61351318524,337311.42727272835,341182.9282263432,336613.5164038559,332865.39707963436,339711.4681853614,341889.42216508655
340725.3433138542,339900.8321643868,337308.20862152684,341162.00699353305,336623.17235746054,332861.64198656584,339710.9317434945,341893.71370002197
340734.4628255919,339907.2694667899,337318.93745886534,341186.6833194117,336643.5571484038,332872.3708239044,339699.666464289,341904.44253736053
340741.9730117289,339902.4414899876,337325.3747612685,341188.8290868794,336655.89531134313,332870.22505643667,339699.666464289,341909.27051416284
340717.8331277172,339904.5872574553,337330.20273807086,341187.75620314555,336638.7291716015,332871.83438203746,339703.42155735753,341905.5154210944
340716.7602439833,339906.19658305607,337330.20273807086,341205.45878475416,336667.69703241554,332890.6098473799,339699.1300224221,341904.9789792274
340733.38994185807,339900.8321643868,337337.7129242078,341204.3859010203,336668.7699161494,332881.4903356422,339718.44192963146,341901.22388615896
34.33227948335165,2725807.0380457686,2719189.4911753526,2698800.408697177,2729699.4602321936,2693307.243979841,2663124.8787790393,2717670.2878082143
340722.6611045195,339895.4677457175,337344.6866684779,341215.1147383588,336686.472497758,332892.2191729807,339711.4681853614,341928.58242137224
340729.6348487896,339894.9313038506,337356.4883895503,341216.1876220927,336685.93605589104,332888.4640799122,339722.1970227,341923.218002703
340722.6611045195,339883.6660246451,337360.24348261877,341219.9427151612,336678.962311621,332888.4640799122,339731.85297630465,341927.5095376384
340715.68736024946,339884.738908379,-2249995.976685998,340692.08391810465,339878.8380478428,337371.5087618242,341228.525785032,336648.38512520614
340720.5153370518,339889.0304433144,337380.09183169506,341232.81731996743,336682.7174046895,332889.0005217791,339743.65469737706,341926.97309577145
340721.58822078566,339879.3744897097,337389.21134343283,341235.49952930206,336696.6648932296,332881.4903356422,339765.1123720542,341927.5095376384
340696.37545304006,339885.2753502459,337398.3308551706,68.6645589667033,-3548695.987307547,-3561870.9995592833,-3601842.3559477758,-3540190.165065547
340717.29668585025,339890.6397689152,337380.09183169506,341226.38001756434,336680.03519535484,332897.04714978306,339746.87334857864,341938.23837497697
340421.18077530636,339997.92814230063,337358.0977151511,341254.27499464457,275.7311196006679,3809991.4562691995,3759420.008590223,3590539.525811616
340810.6375706956,339981.2984444259,337343.0773428771,341214.041854625,336673.0614510848,332907.7759871216,339743.11825551017,341930.191746973
340830.48591977195,339977.0069094905,337345.2231103448,341207.6045522219,336671.98856735096,332921.7234756617,339744.7275811109,341936.0926075092
340825.12150110264,339963.5958628173,337359.1705988849,341231.7444362336,336707.3937305682,332917.96838259324,339750.0919997802,341935.5561656423
340816.5384312318,339954.47635107953,337368.2901106227,341231.20799436665,336702.5657537658,331787.1489271103,70645.10233939915,3718105.401766944
340786.4976866839,339951.25769987796,337371.5087618242,341230.1351106328,336687.54538149183,332917.4319407263,339769.4039069896,341941.99346804543
340784.35191921616,339934.62800200324,337385.45625036437,341256.42076211225,336696.6648932296,332920.1141500609,339765.1123720542,341960.7689333879
340776.84173307917,339938.3830950717,337392.96643650136,341253.7385527776,336685.93605589104,332927.08789433097,339772.6225581911,341948.9672123155
340776.84173307917,339934.62800200324,337399.9401807714,341243.00971543905,336698.2742188304,332924.40568499634,339789.78869793285,341954.3316309848
340745.1916629305,339933.01867640245,337390.2842271667,341245.6919247737,336679.49875348795,332946.9362434073,339776.37765125965,341975.2528637949
340784.35191921616,339936.7737694709,337383.8469247636,341249.4470178422,336715.976800439,332945.8633596735,339757.6021859172,341965.0604683233
340803.1273845586,339931.94579266856,337395.11220396904,341255.3478783784,336750.3090799223,332938.3531735365,339774.76832565886,341972.5706544603
340790.7892216193,339919.0711878623,337397.2579714368,341258.03008771304,336755.1370567247,332939.4260572703,339799.98109340447,341977.39863126265
340760.21203520446,339916.92542039463,337399.40373890445,341265.0038319831,336740.65312631766,332945.8633596735,339795.68955846905,341976.8621893957
340774.6959656115,339926.04493213235,337399.40373890445,341253.7385527776,336730.997172713,332943.1811503388,339800.51753527136,341975.2528637949
340793.47143095394,339925.50849026546,337398.3308551706,341258.03008771304,336762.6472428617,332944.7904759396,339800.51753527136,341979.54439873033
340787.57057041774,339926.04493213235,337418.71564611385,341290.7530415956,336731.5336145799,332954.9828714112,339794.61667473515,341987.59102673427
340799.90873335704,339929.8000252009,337411.7419018438,341292.8988090633,336747.6268705877,332957.6650807458,339793.5437910013,341981.1537243311
340800.98161709093,339934.62800200324,337401.01306450524,341292.8988090633,336761.0379172609,332957.12863887893,339795.68955846905,341994.5647710043
340778.9875005469,339933.01867640245,337412.81478557765,341304.7005301357,336759.96503352706,332961.9566156813,339799.98109340447,341989.20035233506
340789.7163378854,339945.8932812087,337413.3512274446,341300.4089952003,336750.3090799223,332958.20152261277,339803.199744606,341980.6172824642
340805.80959389324,339942.6746300071,337424.61650665005,341307.9191813373,336753.5277311239,332957.12863887893,339817.1472331461,341988.6639104681
340765.5764538737,339943.74751374096,337412.2783437107,341302.55476266803,336738.5073588499,332967.32103435055,339828.4125123516,342001.00207340746
340800.98161709093,339948.0390486764,337412.2783437107,341325.08532107895,336761.57435912784,332964.6388250159,339813.92858194455,342004.75716647593
340809.0282450948,339948.5754905433,337420.8614135816,341319.7209024097,336750.3090799223,332965.71170874976,339804.2726283399,342007.9758176775
340800.445175224,339956.62211854727,337416.0334367792,341305.77341386955,336753.5277311239,332973.22189488675,339823.04809368233,342006.3664920767
340819.22064056643,339949.64837427717,337423.5436229162,341326.69464667974,336790.5422199419,332976.4405460883,339828.4125123516,342017.6317712822
340809.0282450948,339952.86702547874,337415.4969949123,341323.47599547816,336774.98540580104,332982.34140662453,339829.4853960854,342034.26146915695
340815.46554749797,339946.96616494254,337426.22583225084,341318.64801867586,336777.1311732687,332976.4405460883,339836.9955822224,342032.1157016892
340811.17401256255,339951.25769987796,337420.8614135816,341326.1582048128,336777.66761513567,332979.12275542296,339823.04809368233,342037.4801203585
340824.58505923575,339956.0856766803,337429.9809253193,341330.98618161515,336793.22442927654,332982.34140662453,339822.5116518154,342035.87079475773
340834.2410128404,339970.0331652204,337426.22583225084,341304.7005301357,336805.5625922159,333002.72619756777,339821.9752099485,342044.9903064955
340844.43340831203,339968.4238396196,337430.51736718626,341311.13783253887,336818.97363888903,333002.1897557008,339816.6107912792,342047.67251583014
340864.81819925527,339981.2984444259,337435.8817858555,341317.03869307507,336822.1922900906,333004.87196503545,339813.39214007766,342040.16232969315
340788.1070122847,339971.1060489543,337447.6835069279,341318.64801867586,336809.8541271513,332995.75245329767,339836.9955822224,342039.6258878262
340638.9761732789,339990.41795616364,337435.8817858555,341303.6276464019,336806.63547594973,332997.8982207654,339821.9752099485,342020.85042248375
340952.7946654314,340001.1467935022,337455.1936930649,341313.28360000654,336777.66761513567,333005.9448487693,339828.94895421853,342017.0953294153
340932.946316355,339991.49083989754,337463.77676293574,341329.37685601437,336810.92701088515,333002.1897557008,339832.1676054201,342026.75128301996
340896.46826940397,339992.0272817644,337471.8233909397,341312.74715813965,336780.3498244703,333004.87196503545,339857.38037316565,342016.55888754834
340891.1038507347,339987.735746829,337466.9954141373,341302.55476266803,336792.6879874096,332997.36177889846,339860.5990243672,342027.8241667538
340931.8734326212,339997.92814230063,337463.24032106885,341318.1115768089,336824.33805755834,333003.7990813016,339862.208349968,342025.6783992861
340884.66654833156,340117.01823675854,337447.6835069279,341304.7005301357,336816.82787142135,332998.97110449924,339862.208349968,342044.45386462857
340861.5995480537,340104.1436319523,337462.7038792019,341327.7675304136,-2249995.976685998,340870.1826179245,340111.11737622233,337466.9954141373
340491.99110174074,340184.6099119914,337453.5843674641,341284.8521810594,336798.5888479458,333011.8457093055,339861.67190810107,342016.0224456814
340988.1998286486,340161.0064698466,337453.5843674641,341308.9920650711,336774.98540580104,333008.090616237,339857.9168150326,342018.7046550161
340950.64889796363,340143.84033010487,337460.0216698673,341321.3302280105,336773.37608020025,333019.89233730943,339858.98969876644,342026.214841153
340908.2699904764,340112.7267018231,337478.7971352097,341346.00655388914,336766.9387777971,333012.9185930394,339867.0363267704,342043.9174227616
340913.6344091457,340104.6800738192,337487.38020508055,341354.58962375997,336780.3498244703,333016.67368610785,339867.0363267704,342044.45386462857
340886.27587393235,340092.3419108799,337484.161553879,341332.059065349,336755.67349859164,333026.3296397125,339882.05669904436,342046.06319022935
340910.95219981106,340080.5401898075,337494.89039121754,341347.6158794899,336753.5277311239,333033.3033839826,341674.8454183156,35322.551169699575
340893.24961820245,340075.17577113817,337500.79125175375,341344.9336701553,336792.1515455427,333035.98559331725,339874.0100710404,342056.255585701
340874.47415285994,340055.3274220619,337512.59297282615,341365.8549029654,336814.6821039536,333034.9127095834,339875.08295477426,342075.56749291037
340878.22924592847,340053.7180964611,337525.4675776324,341374.43797283625,336801.2710572805,333030.08473278105,339882.59314091125,342070.739516108
340873.4012691261,340046.74435219105,337517.4209496285,341353.5167400261,336802.8803828812,333027.9389653133,339908.3423505238,342070.739516108
340871.7919435253,340040.3070497879,337513.66585656,341361.0269261631,336825.94738315913,333031.69405838184,339907.80590865685,342084.6870046481
340851.943594449,340045.6714684572,337514.73874029383,341350.29808882455,336788.3964524742,333045.6415469219,339909.95167612453,342083.0776790473
340857.8444549852,340049.4265615257,337505.6192285561,341377.12018217094,336800.73461541353,333041.88645385345,339897.61351318524,342104.53535372444
340883.5936645977,340049.4265615257,337496.49971681833,341369.60999603395,336847.94149970316,333041.3500119865,339896.00418758445,342110.43621426064
340878.7656877954,340048.35367779183,337490.59885628213,341389.45834511024,336821.6558482237,333050.4695237243,339906.19658305607,342112.5819817283
340866.42752485606,340039.23416605406,337512.59297282615,341389.45834511024,336821.6558482237,333045.10510505503,339911.5610017253,342106.1446793252
340880.9114552631,340042.9892591225,337509.3743216246,341400.1871824488,336829.7024762276,333053.1517330589,339898.6863969191,342107.21756305906
340895.9318275371,340042.9892591225,337502.40057735454,341408.2338104527,336851.6965927716,333061.19836106285,339908.3423505238,342113.11842359527
340896.46826940397,340045.13502659026,337515.81162402773,341404.4787173842,336852.2330346386,333064.9534541313,339922.2898390639,342109.8997723937
340884.13010646467,340039.23416605406,337519.5667170962,341415.2075547227,336853.3059183724,333065.48989599827,339915.31609479384,342116.87351666373
340886.27587393235,340041.3799335218,337528.149786967,341421.6448571259,336844.7228485016,333062.80768666364,339922.2898390639,342107.21756305906
340862.13598992064,340048.35367779183,337527.0769032332,341422.7177408597,336825.94738315913,333062.80768666364,339926.5813739993,342105.0717955913
340890.56740886776,340068.7384687351,337517.4209496285,341396.9685312472,336820.5829644898,333073.53652400215,339922.2898390639,342098.63449318823
340938.8471768912,340067.66558500123,337514.73874029383,341387.84901950945,336849.5508253039,333084.2653613407,339929.26358333393,342108.82688865985
340976.3981075762,340074.6393292713,337520.10315896315,341419.4990896582,336889.2475234565,333083.1924776069,339911.5610017253,342111.5090979945
340951.1853398306,340080.5401898075,337524.93113576545,341395.35920564644,336865.1076394448,333081.04671013914,339929.26358333393,342107.21756305906
340962.45061903604,340074.6393292713,337526.54046136624,341408.77025231963,336892.4661746581,333082.6560357399,339926.5813739993,342114.1913073291
340957.62264223373,340083.2223991421,337521.176042697,341416.8168803235,336899.9763607951,333091.7755474777,339936.7737694709,342127.06591213535
340938.8471768912,340093.9512364807,337517.4209496285,341412.5253453881,336895.1483839927,333112.16033842094,339923.3627227977,342122.23793533305
340966.20571210457,340089.6597015452,337515.2751821608,341414.67111285584,336920.8975936053,333109.4781290863,339929.8000252009,342119.0192841315
340972.64301450766,340133.11149276636,337510.4472053584,341401.26006618264,336898.90347706125,333109.4781290863,339915.85253666074,342131.35744707077
340966.20571210457,340126.1377484963,337520.10315896315,341401.7965080496,336884.9559885211,333103.04082668317,339944.2839556079,342141.5498425424
340962.987060903,340249.5193778896,337528.686228834,341384.6303683079,336886.028872255,333142.7375248358,339942.6746300071,342125.45658653456
340953.3311072983,340235.5718893495,337529.22267070087,341411.45246165426,336900.51280266204,333133.618013098,339921.21695533005,342129.74812147004
-2249995.976685998,340925.972572085,340214.6506565393,337544.24304297485,341414.1346709889,336882.2737791865,333126.644268828,339938.3830950717
340922.7539208834,340211.43200533773,337547.4616941764,341404.4787173842,336886.028872255,333126.644268828,339941.06530440634,342135.64898200624
340920.0717115488,340198.02095866454,337555.5083221803,341428.08215952903,336903.19501199666,333129.86292002955,339943.74751374096,342141.5498425424
340869.64617605763,340147.05898130644,551.4622392013358,-1369237.8245875628,-1459806.3778646444,-1792623.4951762552,-1296728.050318724,-1880445.4660946687
340890.56740886776,340154.56916744343,337566.2371595189,341445.78474113764,336886.5653141219,333159.90366457746,339985.0535374944,342144.2320518771
340869.1097341907,340142.23100450414,337581.79397365975,341452.22204354074,336878.518686118,333162.0494320452,339980.225560692,342155.49733108253
340872.8648272592,340140.62167890335,337586.0855085952,341461.3415552785,336879.59156985185,333153.46636217437,339977.5433513574,342149.5964705463
340858.3808968521,340136.8665858348,337591.4499272645,342773.47836178285,282581.48224133044,388047.02616298513,-1791650.389629649,2848990.183948301
340848.1885013805,340136.33014396793,337593.05925286526,341442.56608993607,17.166139741675824,1363491.4593090368,1360545.3205758717,1350359.3624066547
340847.11561764666,340142.23100450414,337588.2312760629,341442.0296480691,336865.1076394448,333172.7782693837,339987.735746829,342171.0541452234
340890.0309670009,340135.25726023404,337585.5490667283,341444.17541553685,336917.6789424037,333159.3672227105,340000.61035163526,342171.59058709035
340879.83857152925,340132.5750508994,337588.76771792985,341460.80511341157,336923.5798029399,333166.3409669806,339993.1001654983,342182.3194244289
340886.8123157993,340138.4759114356,337588.76771792985,341452.22204354074,336915.53317493596,333163.658757646,339993.6366073652,342176.9550057596
340856.7715712514,340139.54879516945,337589.30415979674,341469.92462514935,336917.14250053675,333177.0698043191,17.166139741675824,1363542.9577282618
340900.2233624725,340137.4030277018,337591.4499272645,341479.0441368871,336936.9908496131,333171.1689437829,340007.0476540384,342192.51181990054
340909.87931607716,340143.303888238,337601.10588086915,341486.5543230241,336925.7255704076,333171.1689437829,340010.8027471069,342186.0745174974
340857.3080131183,340155.1056093104,337595.20502033294,341456.51357847615,336921.9704773391,333191.55373472616,340017.776491377,342189.82961056585
340922.7539208834,340150.81407437497,337595.7414621999,341481.72634622175,336920.8975936053,333184.5799904561,340008.12053777225,342190.90249429975
340934.0192000889,340145.44965570566,337611.8347182077,341491.3822998264,336946.1103613508,333175.46047871833,340005.9747703046,342206.4593084406
340936.1649675566,340140.62167890335,337616.1262531431,341499.96536969725,336954.6934312217,333179.7520136538,340010.8027471069,342211.8237271099
340919.5352696819,340145.9860975726,337619.8813462116,341477.43481128634,336925.1891285407,333178.142688053,340023.14091004623,342207.53219217446
340895.9318275371,340148.66830690723,337608.61606700614,341483.87211368943,336925.1891285407,333202.2825720647,340008.12053777225,342214.50593644456
340940.456502492,340152.95984184265,337611.8347182077,341484.4085555564,336951.47478002013,333197.9910371293,340004.3654447038,342210.21440150915
340952.2582235644,340142.23100450414,337637.0474859533,341511.23064890277,336964.3493848264,333192.0901765931,340020.9951425785,342210.21440150915
340939.9200606251,340147.5954231734,337634.3652766186,341495.67383476184,336953.0841056209,333195.3088277947,340015.0942820423,342227.3805412508
340970.49724704,340151.35051624186,337640.26613715483,341506.93911396735,336989.025710705,333195.3088277947,340014.5578401754,342225.2347737831
340943.13871182664,340144.91321383876,337642.41190462257,341508.0119977012,336963.8129429594,333199.6003627301,340025.82311938086,342230.5991924524
340954.40399103216,340145.44965570566,337636.51104408636,341517.131509439,336980.97908270115,333204.96478139935,340033.33330551785,342232.74495992006
527343.8128642814,1130328.0747327895,708439.6133946913,-135349.6474444446,3802211.439873152,3380265.5792552927,-3651044.267540487,3661562.8196671987
340983.3718518462,340165.298004782,337647.7763232918,341502.64757903194,336977.76043149957,333217.8393862056,340034.94263111864,342234.35428552085
340838.53254777583,340179.78193518904,337638.6568115541,341497.8196022296,336996.535896842,333220.5215955403,340030.1146543163,342230.06275058544
341049.8906433452,340181.3912607898,337641.3390208887,341511.23064890277,336980.97908270115,333218.37582807255,340023.14091004623,342225.2347737831
341048.81775961135,340178.7090514552,337644.5576720903,341505.86623023346,336983.6612920358,333215.6936187379,340028.5053287155,342229.5263087185
341025.21431746654,340172.808190919,337667.62467236817,341535.3705329145,336962.20361735864,333215.6936187379,340055.3274220619,342235.96361112164
341038.62536413973,340170.66242345126,337673.5255329044,341555.7553238577,336975.61466403183,333217.8393862056,340049.9630033926,342240.25514605705
341003.2202009225,340180.8548189229,337675.13485850516,341517.66795130586,336959.521408024,333228.56822354416,340063.37405006576,342235.4271692547
341020.9227825311,340179.78193518904,337666.5517886343,341540.7349515838,336969.17736162874,333232.8597584796,340055.3274220619,342246.15600659326
341047.20843401056,340184.07347012445,337665.47890490043,341533.2247654468,336985.80705950345,333229.1046654111,340046.74435219105,342243.47379725863
341055.2550620145,340184.07347012445,337654.7500675619,341525.17813744285,337004.046082979,333230.17754914495,340052.64521272725,342259.56705326645
341066.52034121996,340186.21923759213,337654.7500675619,341550.39090518845,337013.7020365837,333228.56822354416,340072.49356180354,342264.9314719357
341028.96941053506,340195.87519119686,337653.14074196114,341539.6620678499,336987.9528269712,333236.6148515481,340076.24865487206,342267.61368127033
341063.83813188534,340193.19298186223,337647.23988142493,341539.6620678499,337013.7020365837,333232.3233166127,340090.7325852791,342271.36877433886
341051.499968946,340191.58365626144,337650.45853262645,341548.78157958767,337001.9003155113,333239.29706088273,340088.58681781136,342278.87896047585
341039.6982478736,340201.2396098661,337675.13485850516,341563.80195186165,336978.29687336646,333241.97927021736,340090.19614341215,342282.09761167737
275.7311196006679,3828187.564395376,3772534.939352863,3611756.874532327,3860562.9039481767,3568223.5441474374,3327039.280776892,3766973.11007656
341037.5524804059,340193.19298186223,337681.03571904136,341589.55116147414,336991.70792003965,333237.151293415,340095.0241202145,342294.9722164837
342773.47836178285,282582.0186831974,4114610.506845773,1934912.5546112724,-1088509.7489964664,2708347.4646028834,-209636.11717654672,-3690078.459987457
341037.01603853895,340195.87519119686,337678.8899515736,341586.33251027256,337008.3376179144,333237.68773528194,340104.6800738192,342300.3366351529
341039.1618060067,340204.99470293464,337687.47302144446,341591.1604870749,336999.7545480436,333255.39031689055,340105.752957553,342305.1646119553
341074.5669692239,340204.4582610677,337693.9103238476,341587.94183587335,337030.86817632534,333239.29706088273,340089.6597015452,342304.62817008834
341055.2550620145,340201.2396098661,337684.2543702429,341581.50453347026,337024.43087392225,333249.48945635435,340098.2427714161,342312.13835622533
341064.9110156192,340202.31249359995,337694.4467657145,341599.74355694576,337038.9148043293,333241.4428283504,340114.3360274239,342319.1121004954
340991.4184798501,340231.81679628097,337694.4467657145,341573.4579054663,337032.4775019261,333270.4106891645,340095.0241202145,342300.8730770198
341114.2636673765,340247.9100522888,337675.13485850516,341597.06134761113,337069.49199074414,333281.67596837,340081.6130735413,342320.1849842292
341100.85262070334,340252.2015872242,337670.3068817028,341569.70281239785,337061.44536274025,333280.0666427692,340074.1028874043,342323.94007729774
341146.4501793921,340264.53975016356,337663.86957929964,341578.2858822687,337094.70475848974,333282.74885210383,340081.6130735413,342319.6485423623
341121.77385351347,340259.17533149425,337671.9162073036,341586.8689521395,337081.29371181654,333281.13952650304,340092.3419108799,342335.2053565032
341146.4501793921,340287.0703085745,337677.28062597284,341575.60367293406,337071.1013163449,333279.53020090226,340076.78509673895,342327.15872849926
341133.039132719,340276.34147123597,337706.78492865385,341595.9884638773,337068.9555488772,333281.13952650304,3937501.5422703675,85280.84579477856
341133.5755745859,340270.97705256665,337720.19597532705,341604.0350918812,337083.4394792842,333277.3844334346,340103.0707482184,342331.45026343473
341110.508574308,340271.5134944336,337723.9510683955,341617.44613855437,337053.3987347363,333286.5039451723,340092.3419108799,342337.35112397093
341130.3569233843,340274.7321456352,337725.5603939963,341611.54527801817,337087.7310142197,333291.8683638416,340099.3156551499,342330.37737970083
341168.44429593615,340283.85165737296,337722.8781846617,341599.74355694576,337069.49199074414,333292.4048057085,340092.3419108799,342320.1849842292
341173.80871460546,340292.4347272438,337721.2688590609,341602.96220814734,337076.4657350142,333308.4980617163,340119.70044609316,342329.84093783394
341169.51717967005,340291.3618435099,337727.1697195971,341602.96220814734,337082.90303741733,333299.9149918455,340127.21063223016,342332.52314716857
341153.4239236622,340287.6067504414,337721.80530092784,341618.5190222882,337087.19457235275,333300.9878755794,340121.30977169395,342341.1062170394
341174.34515647235,340289.75251790916,337735.7527894679,341622.8105572236,337095.2412003566,333300.45143371244,340126.6741903632,342335.2053565032
341141.08576072287,340291.3618435099,337737.3621150687,341612.618161752,337064.6640139418,333306.8887361156,340138.4759114356,342340.03333330556
341155.033249263,340295.1169365784,337737.3621150687,341633.5393945622,337091.48610728816,333321.9091083895,340122.91909729474,342355.0537055795
341177.5638076739,340294.58049471147,337747.0180686734,341630.85718522756,337111.33445636445,333314.9353641195,340131.50216716557,342348.07996130944
341152.3510399283,340291.3618435099,337751.3096036088,341613.15460361895,337098.99629342515,333310.1073873171,340126.1377484963,342358.27235678106
341164.6892028677,340292.4347272438,337753.9918129435,341631.3936270945,337103.28782836057,333307.96161984943,340144.91321383876,342353.98082184565
341123.9196209812,340287.6067504414,337772.76727828593,341634.61227829603,337074.8564094134,333317.6175734541,340170.1259815843,342358.808798648
341151.2781561945,340297.79914591304,337769.54862708435,341645.3411156346,337099.53273529204,333316.0082478533,340177.6361677213,342369.5376359865
341135.7213420536,340301.5542389815,337770.0850689513,341643.19534816686,337080.7572699496,333317.0811315872,340176.0268421205,342370.07407785347
341157.1790167307,340307.4550995177,337762.03844094736,341648.5597668362,337117.7717587676,333329.95573639346,340172.27174905204,342375.97493838967
341166.29852846847,340309.60086698545,337765.7935340159,341652.31485990464,337122.59973556997,333328.88285265956,340161.5429117135,342383.48512452666
341167.90785406926,340323.54835552553,337770.0850689513,341647.48688310233,337131.1828054408,333338.5388062643,340152.95984184265,342373.29272905504
341201.16724981874,340325.69412299327,337786.1783249591,341670.01744151325,337139.7658753116,333341.75745746586,340169.05309785047,342377.58426399046
341166.29852846847,340314.9652856547,337785.6418830922,341673.7725345818,337126.35482863843,333338.00236439734,340184.6099119914,342385.09445012745
341197.94859861716,340325.69412299327,337779.204580689,341681.81916258566,337136.54722411005,333345.51255053433,340182.46414452366,342388.8495431959
341166.83497033536,340321.9390299248,337780.8139062898,341673.2360927148,337118.84464250144,333342.8303411997,340198.02095866454,342393.6775199983
341163.0798772669,340317.11105312244,337780.8139062898,341686.1106975211,337114.01666569914,333343.90322493354,340201.2396098661,342406.5521248045
341162.54343539994,340324.0847973925,337787.25120869296,341689.8657905896,337123.6726193038,333355.168504139,340200.1667261323,342403.8699154699
341153.9603655291,340331.5949835295,337788.86053429375,341672.163208981,337115.62599129986,333360.5329228083,340204.99470293464,342395.28684559907
341179.1731332747,340328.3763323279,337792.0791854953,341693.62088365806,337141.3752009124,333369.6524345461,340206.0675866685,342403.33347360295
341189.36552874633,340331.5949835295,337791.00630176143,341683.42848818644,337163.36931745644,333373.40752761456,340202.31249359995,342398.50549680064
341188.8290868794,340347.15179767035,337800.66225536616,341687.1835812549,337156.9320150533,333388.42789988854,340195.87519119686,342410.84365973994
341205.9952266211,340343.3967046019,337803.3444647008,341703.27683726273,337175.17103852885,333390.03722548933,340205.5311448015,342416.20807840925
341197.4121567503,340352.51621633966,337810.3182089708,341708.64125593205,337161.75999185565,333392.182992957,340207.67691226926,342419.4267296108
341192.04773808096,340356.8077512751,337811.39109270467,341682.8920463195,337158.0048987871,333390.03722548933,340222.6972845432,342414.0623109415
341228.525785032,340361.6357280774,337806.56311590236,341703.8132791297,337187.50920146814,333400.76606282784,340206.0675866685,342423.1818226793
341179.1731332747,340356.2713094081,421875.0502914251,-4478674.8264640365,1146272.1999016048,-3353887.123332873,-1666143.3775595878,1146074.2528527086
341220.47915702814,340360.0264024766,337824.80213937786,17.166139741675824,1364832.5639763551,1361407.9190978908,1351267.022045496,1366780.9208370354
341216.1876220927,340355.7348675412,337808.70888337004,341694.6937673919,337170.87950359343,333392.71943482396,340254.88379655883,342424.25470641314
341212.96897089115,340355.1984256743,337806.56311590236,341700.5946279281,337194.4829457382,333393.7923185578,340251.12870349037,342433.9106600178
341231.20799436665,340371.2916816821,337809.7817671039,341708.1048140651,337171.95238732727,333398.62029536016,340245.7642848211,342435.5199856186
341239.2546223706,340354.66198380734,337839.2860697849,341735.4633492784,337190.19141080277,333381.9905974854,340261.321098962,342436.5928693525
341212.96897089115,340364.31793741207,337841.43183725263,341730.0989306091,337196.6287132059,333406.66692336404,340248.44649415574,342445.7123810902
341248.37413410837,340371.2916816821,337839.2860697849,341740.29132608074,337209.50331801217,333407.203365231,340239.8634242849,342443.0301717556
341232.81731996743,340363.24505367817,337846.259814055,341749.4108378185,337214.8677366815,333406.66692336404,340251.6651453573,342448.9310322918
341231.20799436665,340366.46370487974,337858.5979769943,341760.676117024,337179.99901533115,333401.3025046948,340267.75840136514,342448.9310322918
341238.18173863675,340372.9010072829,337848.4055815227,341746.19218661694,337208.9668761453,333420.07797003724,340262.3939826958,342451.0767997595
341210.8232034234,340389.5307051576,337843.5776047203,341727.9531631414,337203.0660156091,333421.687295638,340272.58637816744,342773.47836178285
341298.7996695995,340401.33242623,337839.2860697849,341746.19218661694,337231.4974345562,333420.07797003724,340255.95668029273,342456.4412184288
341260.1758551808,340397.0408912946,337834.4580929826,341753.70237275393,337207.3575505445,333431.87969110964,340263.4668664297,342463.95140456577
341239.79106423754,340406.1604030324,337840.8953953857,341741.9006516815,337218.62282974995,333439.9263191135,340268.294843232,342461.26919523114
341303.6276464019,340409.37905423396,337840.3589535188,341747.2650703508,337248.12713243096,333442.07208658126,340265.6126338974,342476.28956750507
341297.1903439987,340423.862984641,337851.62423272425,341750.48372155236,337234.71608575777,333446.9000633836,340261.85754082893,342470.38870696886
341303.6276464019,340419.5714497056,337859.67086072813,341766.5769775602,337247.0542486971,333446.9000633836,340268.294843232,342475.7531256382
341312.74715813965,340419.0350078386,337869.32681433286,341774.0871636972,337232.03387642314,333448.5093889844,340270.97705256665,342475.2166837712
341294.5081346641,340417.42568223784,337868.7903724659,341778.91514049954,337232.03387642314,333453.87380765367,340281.7058899052,342476.826009372
341296.65390213183,340419.5714497056,337874.6912330021,341774.6236055641,337246.5178068302,333454.4102495206,340289.75251790916,342484.336195509
341266.61315758387,340422.2536590402,337876.3005586029,341766.5769775602,337197.70159693976,333458.1653425891,340293.5076109776,342493.9921491137
341295.04457653104,340439.9562406488,337874.15479113517,341766.5769775602,337226.13301588694,333469.43062179454,340288.1431923084,342489.1641723114
341285.92506479326,340431.373170778,337876.83700046985,341777.30581489875,337243.83559749555,333459.2382263229,340291.89828537684,342500.9658933838
341315.96580934117,340430.3002870441,337877.9098842037,341781.0609079672,337250.8093417656,333454.9466913875,340274.7321456352,342494.5285909806
341310.06494880497,340439.41979878186,337866.64460499823,341774.0871636972,337265.8297140396,333472.11283112917,340299.40847151383,342505.7938701861
341313.28360000654,340429.22740331024,337875.22767486906,341790.71686157194,337269.58480710804,333473.18571486307,340305.30933205003,342507.4031957869
341312.74715813965,340442.63844998344,337887.56583780836,341790.180419705,337263.1475047049,333473.18571486307,340303.1635645823,342503.6481027184
341298.7996695995,340437.2740313142,337882.2014191391,341801.9821407774,337263.68394657184,333476.94080793153,340304.7728901831,342510.0854051215
341294.5081346641,340439.9562406488,337887.56583780836,341795.54483837425,337257.78308603563,333470.50350552844,340309.0644251185,342513.84049819
341314.3564837404,340445.32065931807,337907.9506287516,341800.90925704356,337287.28738871665,333471.5763892623,340324.62123925943,342508.4760795207
341298.7996695995,340443.1748918504,337898.8311170139,341813.7838618498,337279.2407607127,333482.30522660085,340320.329704324,342514.91338192386
341310.06494880497,340438.346915048,337914.38793115475,341814.85674558365,337279.2407607127,333475.33148233074,340335.35007659794,342513.84049819
341291.2894834625,340439.9562406488,337912.77860555396,341819.14828051906,337273.33990017656,333482.84166846774,340341.7873790011,342521.350684327
341300.94543706725,340449.6121942535,337925.6532103602,341814.85674558365,337255.100876701,333478.0136916654,340339.64161153336,342515.9862656577
341308.45562320424,340467.3147758621,337914.38793115475,341806.2736757128,337265.8297140396,333506.44511061255,340316.0381693886,342537.44394033484
341326.1582048128,340462.4867990597,337917.0701404894,341797.15416397504,337304.98997032526,333497.8620407417,340327.839890461,342535.83461473405
341319.18446054275,340464.0961246605,337919.752349824,341822.9033735876,337299.08910978906,333502.15357567713,340321.40258805786,342540.66259153635
341337.4234840183,340468.38765959593,337922.9710010256,341806.2736757128,337304.4535284583,333511.2730874149,340334.81363473105,342541.73547527025
341323.47599547816,340467.85121772904,337927.262535961,341814.85674558365,337291.0424817851,333511.8095292818,340337.4958440657,342543.88124273793
341332.59550721594,342773.47836178285,282583.0915669312,3481799.00429237,1653663.5939673895,-1018196.1677308283,880223.8559989758,1161458.8691543185
341357.80827496154,340491.99110174074,337950.32953623886,341814.3203037167,337324.83831940155,333513.4188548826,340321.9390299248,342544.4176846049
341371.7557635016,340496.8190785431,68.6645589667033,-3538361.9711830583,-3552189.296744978,-3592804.3833737834,-3530705.872858271,-3603018.2365200804
341349.7616469576,340487.1631249384,337951.93886183965,341823.9762573214,337304.4535284583,333523.6112503542,340344.4695883357,342534.22528913326
341344.9336701553,340481.7987062691,337948.7202106381,341828.26779225684,337314.10948206304,333526.8299015558,340355.7348675412,342539.05326593557
341358.34471682843,340492.5275436077,337957.83972237585,341849.7254669339,337333.9578311393,333525.220575955,340347.15179767035,342553.0007544757
341364.24557736464,340496.28263667616,337960.5219317105,341851.87123440165,337328.5934124701,333518.7832735519,340342.32382086804,342556.2194056773
341362.63625176385,340490.38177613996,337968.03211784747,341836.3144202607,337318.40101699845,333519.3197154188,340363.7814955451,342555.1465219434
341356.73539122764,340493.60042734153,337967.4956759806,341855.08988560317,337327.5205287362,333528.9756690235,340351.9797744727,342562.6567080804
341385.1668101748,340508.6207996155,337959.44904797664,341838.9966295954,337354.34262208256,333549.36045996676,340342.32382086804,342554.6100800765
341378.72950777167,340503.2563809462,337973.9329783837,341848.6525832001,337345.75955221173,342773.47836178285,282583.0915669312,-877576.5153856892
341398.04141498107,340526.859823091,337968.5685597144,341856.69921120396,337366.6807850219,333549.36045996676,340347.6882395373,311911.44131558435
341374.9744147032,340516.1309857525,337979.2973970529,341866.8916066756,337361.3163663526,333546.6782506321,340355.1984256743,342574.4584291528
341388.3854613764,340517.7403113533,337985.7346994561,341865.81872294174,337360.7799244857,333543.45959943056,340354.66198380734,342566.4118011489
341369.073554167,340512.9123345509,337975.54230398446,341846.50681573234,337347.3688778125,333533.26720395894,340375.0467747506,342571.2397779512
341384.093926441,340515.0581020186,337973.3965365168,341884.5941882842,337351.66041274794,333538.6316226282,340393.28579822613,342579.28640595515
341366.9277866993,340509.69368334935,337974.4694202506,341901.7603280259,337344.6866684779,333545.06892503134,340392.7493563592,342582.5050571567
341368.53711230005,340517.7403113533,337973.9329783837,341886.7399557519,337341.4680172763,333550.96978556755,340388.9942632907,342576.0677547536
341396.9685312472,340513.98521828477,337985.7346994561,341895.8594674897,337366.14434315497,333541.3138319628,340391.67647262535,342584.1143827575
341386.7761357756,340509.69368334935,337993.78132746,341907.6611885621,337357.0248314172,333550.96978556755,340390.6035888915,342584.1143827575
341404.4787173842,340526.3233812241,337980.9067226537,341870.11025787715,337366.14434315497,333569.20880904305,340399.7231006292,342589.47880142677
341413.598229122,340530.0784742926,337973.9329783837,341894.2501418889,337365.607901288,333562.7715066399,340394.35868196,342603.9627318338
341431.8372525975,340526.859823091,337984.66181572224,341893.71370002197,337376.87318049354,333561.16218103917,340399.18665876234,342599.6711968984
341395.8956475134,340519.349636954,337984.66181572224,341886.7399557519,337367.2172268888,333564.91727410763,340405.62396116543,342607.1813830354
341405.55160111806,340527.9327068249,337984.1253738553,341868.50093227637,337358.634157018,333565.4537159746,340386.31205395603,342594.843220096
341421.6448571259,340536.51577669574,337998.6093042623,341898.0052349574,337360.24348261877,333569.20880904305,340407.2332867662,342590.0152432937
341410.9160197873,340536.51577669574,338004.5101647985,341899.61456055817,337352.7332964818,333577.255437047,340414.7434729032,342603.42628996685
341430.76436886366,340542.95307909884,338002.90083919774,341890.4950488204,337366.14434315497,333577.255437047,340422.79010090715,342594.30677822913
341408.2338104527,340540.80731163116,338002.90083919774,341873.8653509457,337343.0773428771,333575.10966957925,340437.2740313142,342609.86359237
341423.7906245936,340548.85393963504,337996.46353679465,341885.13063015114,337370.4358780904,333589.05715811934,340419.0350078386,342611.4729179708
341444.17541553685,340564.94719564286,338006.65593226627,341896.93235122354,337407.4503669084,333591.2029255871,340411.52482170163,342614.1551273054
341452.22204354074,340566.02007937676,338009.87458346784,341909.8069560298,337399.40373890445,333590.6664837201,340420.10789157246,342612.54580170463
341428.08215952903,340558.50989323977,338016.8483277379,341906.0518629613,337384.9198084974,333585.8385069178,340433.51893824566,342611.4729179708
341407.16092671885,340566.02007937676,338011.4839090686,341892.6408162881,337362.3892500865,333591.2029255871,340427.61807770946,342618.44666224084
341443.10253180296,340567.6294049775,338015.2390021371,341898.0052349574,337396.7215295698,333585.8385069178,340418.4985659717,342623.2746390432
341418.4262059243,340571.384498046,338023.8220720079,341908.197630429,337396.7215295698,333609.9783909295,340427.61807770946,342632.394150781
341449.5398342061,340580.5040097838,338023.8220720079,341901.7603280259,337412.81478557765,333609.44194906263,340423.862984641,342624.883964644
341168.9807378031,340664.1889410244,338014.70256027015,341884.0577464173,337396.1850877029,333596.5673442563,340420.10789157246,342601.2805224992
341578.82232413563,340650.24145248433,338006.1194903993,341904.44253736053,337389.21134343283,333597.6402279902,340422.79010090715,342608.2542667692
341541.2713934507,340636.2939639442,337993.78132746,341913.02560723136,337405.30459944066,333600.85887919174,340425.4723102418,342625.9568483778
341502.111137165,340610.00831246475,338009.87458346784,341932.87395630765,337389.7477852998,333606.22329786106,340463.0232409267,342622.20175530936
341502.111137165,340608.9354287309,338024.3585138749,341950.0400960494,337379.0189479612,333611.05127466336,340448.0028686527,342621.6653134424
341486.01788115717,340608.398986864,338030.2593744111,341933.94684004155,337379.55538982817,333608.9055071957,340464.63256652746,342624.34752277704
341496.74671849573,340607.3261031301,338035.62379308033,341948.4307704486,337395.11220396904,333611.05127466336,340437.2740313142,342635.6128019825
341477.43481128634,340610.5447543317,338043.1339792173,341944.13923551317,337387.60201783205,333609.44194906263,340442.63844998344,342634.53991824866
341490.3094160926,340613.2269636663,338053.86281655583,341943.0663517793,337416.0334367792,333603.0046466595,340456.04949665663,342643.65942998644
341473.6797182178,340618.0549404687,34.33227948335165,2731853.810769774,2724858.608825041,2704435.1940673823,2735699.0260719093,2699238.14526059
341480.6534624879,340606.78966126323,338056.00858402357,341966.1333520572,337395.11220396904,333607.2961815949,340454.44017105584,342651.1696161234
341474.21616008476,340603.0345681947,338069.95607256365,1103.460920269599,-2581095.9435815746,-2806865.013464095,-3456431.741289108,-2456538.4336159746
341483.33567182254,340603.57101006166,338060.83656082593,341967.20623579103,337408.52325064223,333616.95213519956,340470.53342706367,342655.46115105884
341464.5602064801,340593.37861459004,338073.17472376523,341970.4248869926,337409.5961343761,333624.46232133656,340493.60042734153,342665.1171046635
341480.11702062096,340600.888800727,338075.85693309986,341973.6435381941,337420.8614135816,333633.0453912074,340475.8978457329,342673.16373266745
341481.1899043548,340598.2065913924,338073.17472376523,341974.1799800611,337434.2724602547,333630.8996237397,340473.75207826524,342666.1899883974
341474.21616008476,340603.0345681947,338059.22723522515,341970.4248869926,337423.5436229162,333655.57594961836,340497.35552041006,342673.16373266745
341489.77297422563,340610.00831246475,338065.12809576135,341973.6435381941,342773.47836178285,282583.6280087981,-3408826.2806923725,1970070.4181278253
341509.08488143503,340612.69052179944,338067.810305096,341973.6435381941,337467.53185600427,333663.08613575535,340462.4867990597,342682.2832444052
341487.62720675796,340612.69052179944,338075.32049123297,341968.8155613918,337455.73013493186,333667.37767069077,340466.77833399514,342688.7205468083
341482.7992299556,340610.5447543317,338076.3933749668,341985.9817011335,337469.67762347194,333667.37767069077,340472.14275266445,342687.6476630745
341450.07627607306,340621.27359167027,338078.53914243454,341967.20623579103,337431.5902509201,333693.12688030326,340472.14275266445,342691.9391980099
341488.7000904918,340623.9558010049,338086.5857704384,341979.54439873033,337461.0945536011,333681.8616010978,340457.1223803905,342689.2569886753
341500.5018115642,340621.81003353716,338095.7052821762,341992.9554454035,337476.1149258751,333679.1793917632,340485.0173574707,342690.3298724091
341485.4814392902,340625.02868473873,338101.6061427124,341991.34611980274,337478.2606933428,333678.6429498962,340494.1368692085,342697.8400585461
341502.64757903194,340624.49224287184,338105.3612357809,341987.59102673427,337469.14118160505,333670.0598800254,340499.50128787773,342711.2511052193
341519.8137187736,340629.8566615411,338111.798538184,341985.9817011335,337482.5522282782,333674.3514149608,340500.0377297447,342705.3502446831
341490.3094160926,340620.7371498033,338119.8451661879,342000.4656315405,337471.8233909397,333671.13276375923,340512.375892684,342709.10533775156
341494.0645091611,340627.71089407336,338126.818910458,341994.5647710043,337494.89039121754,333686.1531360332,340521.49540442176,342707.4960121508
341488.1636486249,340640.58549887966,338118.2358405871,341990.2732360689,337483.08867014514,333693.12688030326,340507.0114740147,342716.0790820216
341514.44930010434,340657.7516386213,338118.2358405871,341989.73679420195,337481.47934454435,333696.8819733718,340504.3292646801,342702.1315934815
341496.2102766288,340641.12194074655,338120.9180499218,341995.63765473815,337480.4064608105,333691.51755470247,340521.49540442176,342714.4697564208
341530.54255611217,340646.4863594158,338123.0638173895,342007.43937581056,337508.30143789074,333695.272647771,340505.9385902809,342708.0324540177
341499.42892783036,340647.5592431497,338143.98505019967,342014.4131200806,337506.69211228995,333695.8090896379,340513.4487764179,342708.5688958847
341546.63581212,340655.6058711536,338147.20370140125,342010.65802701213,337536.19641497097,333695.272647771,340510.2301252163,342709.10533775156
341575.0672310671,340685.1101738346,338137.5477477965,342011.1944688791,337527.0769032332,333702.24639204104,340504.3292646801,342718.7612913563
341556.29176572466,340675.9906620968,338135.93842219573,342019.24109688296,337521.71248456393,333698.49129897257,340522.0318462887,342723.5892681586
341539.6620678499,340673.3084527622,338137.0113059296,342031.0428179554,337504.0099029553,333701.1735083072,340531.6877998934,342723.0528262917
341545.0264865192,340675.9906620968,338131.1104453934,342026.214841153,337499.18192615296,333710.293020045,340546.1717303004,342730.56301242864
341524.64169557596,340673.3084527622,338141.30284086504,342022.45974808454,337473.96915840736,333710.293020045,340567.6294049775,342735.92743109795
341513.9128582374,340674.917778363,338140.22995713115,342015.4860038145,337477.18780960893,333709.2201363111,340572.9938236468,342748.26559403725
341522.4959281082,340675.45422022993,338147.20370140125,342025.14195741917,337486.8437632136,333703.8557176418,340570.3116143122,342746.65626843646
341546.63581212,340675.9906620968,338155.2503294051,342029.4334923546,337502.9370192214,333706.0014851095,340564.94719564286,342745.5833847026
341523.0323699752,340673.3084527622,338177.24444594915,342033.72502729,337500.2548098868,333709.2201363111,340568.7022887114,342755.77578017424
341506.4026721004,340671.1626852945,338181.53598088457,342024.0690736853,337504.0099029553,333709.2201363111,340570.3116143122,342760.06731510966
341541.2713934507,340690.47459250386,338178.85377154994,342043.9174227616,337509.3743216246,333719.94897364965,340554.21835830435,342764.3588500451
341536.44341664837,340693.15680183854,338179.9266552838,342036.4072366246,337506.69211228995,333723.1676248512,340566.55652124365,342758.9944313758
341536.97985851526,340685.64661570155,338168.1249342114,342046.06319022935,337501.8641354876,333730.14136912127,340548.85393963504,342772.405478049
341578.2858822687,340699.59410424164,338162.7605155421,342045.5267483624,337532.9777637694,333731.2142528551,340563.874311909,342776.6970129844
341581.50453347026,340702.8127554432,338171.8800272799,342037.4801203585,337533.5142056363,333729.0684853874,340568.7022887114,342768.1139431136
341583.65030093794,340699.0576623747,338172.95291101374,342045.5267483624,337525.4675776324,333731.75069472205,340574.06670738064,342769.18682684744
341554.68244012387,340695.8390111732,338191.19193448924,342055.18270196713,337520.10315896315,333736.5786715244,340582.64977725147,342773.47836178285
341568.09348679706,341674.8454183156,35322.551169699575,-817216.6129608885,980145.2732259361,-1542313.8192074085,3151043.9695172277,2065592.4756041141
341663.0436972432,340764.5035701399,338174.5622366145,342054.6462601002,337514.73874029383,333748.38039259677,340556.36412577203,342765.43173377897
341687.72002312186,340761.82136080525,338181.53598088457,342064.30221370485,337528.686228834,333738.18799712515,340554.75480017124,342760.06731510966
341672.6996508479,340758.60270960367,338181.53598088457,342057.3284694348,337529.7591125678,333747.8439507299,340556.900567639,342769.18682684744
341670.01744151325,340758.0662677367,338190.65549262235,342072.3488417088,337522.2489264308,333744.08885766135,340557.9734513728,342765.43173377897
341644.26823190076,340754.31117466826,338198.7021206262,342050.8911670317,337514.73874029383,333751.59904379834,340579.96756791684,342764.3588500451
341621.7376734898,340739.2908023943,338191.19193448924,342058.40135316865,337514.73874029383,333761.25499740307,340603.0345681947,342791.7173852584
341627.10209215904,340753.7747328013,338188.5097251546,342072.3488417088,337512.59297282615,333771.9838347416,340586.40487032,342796.0089201938
341614.76392921974,340752.70184906747,338192.26481822314,342074.4946091765,337520.10315896315,333782.71267208015,340587.47775405383,342791.18094339146
341629.2478596268,340748.41031413205,338200.311446227,342091.6607489182,337536.19641497097,333779.49402087857,340589.6235215215,342794.9360364599
341634.61227829603,340747.8738722651,338209.4309579648,342087.3692139828,337531.3684381686,333770.3745091408,340596.5972657916,342786.88940845605
341597.06134761113,340738.7543605273,338213.7224929002,342096.4887257205,337505.6192285561,333782.1762302132,340618.0549404687,342795.4724783269
341624.95632469136,340744.6552210635,338212.6496091664,342111.5090979945,337549.0710197772,333778.9575790117,340592.8421727231,342808.3470831331
341601.35288254655,340739.2908023943,338220.69623717025,342118.4828422645,337522.7853682978,333781.6397883463,340610.00831246475,17.166139741675824
341606.1808593489,340731.24417439033,338226.59709770646,342131.35744707077,337537.2692987048,333780.5669046124,340610.5447543317,342808.3470831331
341634.61227829603,340748.41031413205,338229.2793070411,342121.16505159915,337544.24304297485,333780.0304627455,340599.81591699313,343734.7821873167
341620.66478975595,340755.92050026904,338220.15979530336,342119.0192841315,337556.04476404726,333791.8321838179,340603.57101006166,342826.5861066087
341626.0292084252,340754.84761653515,338230.352190775,342114.1913073291,337576.4295549905,333787.00420701556,340612.69052179944,342821.7581298063
341608.86306868354,340745.7281047974,338228.7428651742,342117.4099585307,337560.3362989827,333787.00420701556,340638.4397314119,342825.5132228748
341613.6910454859,340748.41031413205,338236.7894931781,342117.94640039763,337568.9193688535,333784.8584395478,340640.0490570127,342818.00303673785
341584.1867428049,340745.7281047974,338254.4920747867,342145.84137747786,337569.9922525874,333789.6864163502,340634.1481964765,342831.414083411
341612.0817198851,340743.5823373297,338245.3725630489,342144.76849374396,337563.55495018425,333795.0508350195,340647.5592431497,342826.5861066087
341622.27411535673,340749.4831978659,338241.0810281135,342137.258307607,337574.2837875228,333792.90506755176,340637.3668476781,342836.24206021335
341598.6706732119,340747.33743039815,338236.7894931781,342114.72774919606,337566.7736013858,333794.51439315255,340671.6991271614,342832.4869671449
341608.86306868354,340757.5298258698,338236.7894931781,342138.33119134087,337567.84648511966,333805.2432304911,340665.7982666252,342835.70561834646
341631.9300689614,340759.6755933375,338237.325935045,342127.6023540023,337587.15839232906,333807.92543982575,340653.4601036859,342831.414083411
341613.6910454859,340768.25866320834,338237.325935045,342125.9930284015,337593.05925286526,333808.46188169264,340659.897406089,342860.918386092
341623.8834409575,340771.4773144099,338248.5912142505,342136.18542387313,337591.4499272645,333802.56102115643,340661.5067316898,342855.55396742275
341635.148720163,340767.1857794745,338252.8827491859,342137.7947494739,337605.9338576715,333800.95169555565,340670.0898015606,342857.16329302354
341615.8368129536,340762.35780267214,338253.9556329198,342131.35744707077,337600.56943900225,333798.80592808797,340672.23556902836,342856.0904092897
341616.37325482053,340787.57057041774,338250.7369817182,342131.35744707077,337615.5898112762,333815.9720678296,340684.03729010076,333984.41481404484
341629.7843014937,340778.45105867996,338285.06926120154,342150.66935428017,337592.5228109983,333814.36274222884,340693.69324370543,342847.5073394188
341611.0088361513,340780.06038428075,338280.24128439924,342134.03965640545,337567.3100432527,333808.46188169264,340705.49496477784,342857.6997348904
341640.51313883223,340809.0282450948,338259.32005158905,342141.0134006755,337591.98636913137,333845.47637051065,340669.0169178268,342859.84550235816
341670.5538833802,340803.1273845586,338258.2471678552,342152.8151217479,337624.70932301396,333824.55513770046,340666.8711503591,342877.0116420998
341666.7987903117,340811.17401256255,338257.71072598826,342164.08040095336,337624.70932301396,333836.35685877287,340659.897406089,342876.47520023293
341678.0640695172,340839.60543150967,338268.9760051937,342180.71009882813,337633.82883475174,333854.0594403815,340651.3143362182,342868.96501409594
341667.3352321786,340835.8503384412,338281.3141681331,342181.246540695,337630.61018355016,333846.0128123776,340663.6524991575,342860.918386092
341640.51313883223,340824.58505923575,338280.7777262661,342172.1270289573,337623.6364392801,333854.0594403815,340673.3084527622,342868.96501409594
341656.60639484006,340832.6316872396,338264.6844702583,342171.59058709035,337642.41190462257,333849.76790544606,340661.5067316898,342881.8396189022
341661.97081350937,340830.48591977195,338269.51244706067,342160.8617497518,337642.41190462257,333849.76790544606,340672.77201089525,342879.69385143445
341677.52762765024,340811.71045442944,338284.53281933465,342184.4651918966,337669.23399796896,333842.794161176,340690.47459250386,342891.49557250686
341666.2623484448,340818.68419869954,338293.1158892055,342193.0482617674,337655.82295129576,333849.76790544606,340689.93815063697,342886.1311538376
341662.50725537626,340812.78333816334,338295.7980985401,342193.0482617674,337648.8492070257,333845.47637051065,340707.10429037863,342886.1311538376
341660.3614879086,340811.71045442944,347168.01013565186,141291.81400439906,-1001288.0565271445,-1247386.6638406115,-2653629.321292558,-1106762.719960537
341679.136953251,340815.46554749797,338302.77184281015,342207.53219217446,337649.3856488926,333843.86704490986,340710.3229415802,342889.88624690607
341684.5013719203,340838.53254777583,338292.57944733853,342180.71009882813,337667.62467236817,333865.8611614539,340690.47459250386,342889.88624690607
341696.83953485964,340838.53254777583,338298.48030787474,342199.4855641706,337681.03571904136,333863.17895211925,340703.88563917705,342903.29729357926
341718.83365140366,340836.92322217504,338297.9438660078,-2249995.976685998,341710.25058153283,340837.9961059089,338302.77184281015,342211.8237271099
341693.62088365806,340828.3401523042,338305.9904940117,340576.2124748484,70646.175223133,615567.0422991565,4139978.8427327685,-1115877.4037215
341683.9649300534,340830.48591977195,338311.354912681,342202.70421537216,-2249995.976685998,341702.2039535289,340829.41303603805,338313.5006801487
341694.157325525,340829.949477905,338323.69307562034,342212.8966108438,337653.14074196114,333859.9603009177,340734.99926745886,342924.7549682564
341700.0581860612,340833.1681291066,338327.98461055575,342205.9228665737,337656.8958350296,333860.4967427846,340725.3433138542,342922.0727589217
341707.56837219815,340834.2410128404,338322.08375001955,342208.60507590836,337665.47890490043,333870.1526963893,340723.7339882534,342927.9736194579
341718.2972095367,340837.459664042,338323.1566337534,342218.261029513,337670.3068817028,333868.0069289216,340715.68736024946,342927.437177591
341670.01744151325,340848.72494324745,338327.98461055575,342201.09488977137,337651.53141636035,333883.5637430625,340729.6348487896,342914.02613091783
341731.7082562099,340861.5995480537,338345.1507502974,342210.21440150915,337664.4060211666,333887.31883613096,340737.6814767935,342923.6820845225
341722.05230260524,340857.3080131183,338348.90584336594,342227.9169831177,337669.23399796896,333887.31883613096,340736.60859305965,984375.1173466585
341726.34383754065,340849.7978269813,338353.19737830135,342223.6254481823,337668.16111423506,333880.3450918609,340767.1857794745,342926.3642938571
341699.52174419427,340854.62580378365,338355.879587636,342232.74495992006,337648.8492070257,333887.31883613096,340765.04001200676,342932.8015962603
341752.6294890201,340859.9902224529,338344.0778665636,342237.0364948555,337672.9890910374,333891.0739291995,340754.84761653515,342931.72871252644
341740.8277679477,340864.2817573883,338335.49479669274,342245.0831228594,337698.7383006499,333902.8756502719,340746.80098853126,342956.4050384051
341740.8277679477,340867.5004085899,338340.859215362,342244.54668099247,337682.6450446421,333905.02141773957,340754.84761653515,342954.7957128043
341737.07267487916,340866.42752485606,338347.83295963204,342238.1093785893,337691.7645563799,333903.9485340057,340758.0662677367,342950.5041778689
341726.34383754065,340873.4012691261,338331.2032617573,342227.9169831177,337686.4001377106,333909.84939454193,340761.2849189383,342954.7957128043
341742.4370935485,340878.7656877954,338336.03123855963,342211.287285243,337686.4001377106,333914.14092947735,340770.94087254297,342945.13975919964
341787.49821037037,340895.9318275371,338336.5676804266,342235.96361112164,337723.9510683955,333918.9689062797,340761.82136080525,342948.8948522681
341773.5507218302,340893.78606006934,338325.838843088,342222.0161225815,337723.9510683955,333922.7239993482,340769.8679888091,342960.16013147356
341775.160047431,340894.3225019363,338331.7397036242,342241.3280297909,337720.73241719394,333920.04179001355,340772.01375627687,342961.23301520746
341783.20667543495,340896.46826940397,338343.5414246966,342249.37465779483,337725.02395212936,333922.1875574813,340779.5239424138,342962.84234080825
341762.28544262476,340894.3225019363,338351.58805270056,342262.785704468,337712.1493473231,333919.5053481466,340777.91461681307,342960.16013147356
341776.7693730318,340916.3166184803,338345.68719216436,342264.9314719357,337716.9773241255,333930.23418548517,340779.5239424138,342960.16013147356
341759.60323329014,340912.0250835449,338355.879587636,342274.5874255404,337710.5400217223,333933.45283668675,340790.25277975237,342959.62368960667
341771.94139622943,340920.0717115488,338356.41602950287,342268.6865650042,337729.3154870648,333937.74437162216,340785.96124481695,342959.62368960667
341777.30581489875,340922.7539208834,338363.92621563986,342263.3221463349,337740.5807662703,333928.6248598844,340785.96124481695,342975.7169456145
341770.33207062865,340923.8268046173,338359.09823883756,342271.90521620575,337720.19597532705,333930.7706273521,340780.06038428075,342987.5186666869
341997.24698033894,341019.31345693034,338340.32277349505,342230.06275058544,337697.1289750492,333944.18167402525,340752.1654072005,342956.4050384051
342001.00207340746,341012.3397126603,338347.83295963204,342244.0102391255,337697.6654169161,333942.0359065576,340751.6289653336,342951.04061973584
341977.93507312954,340995.7100147856,338360.1711225714,342254.7390764641,337691.7645563799,333942.0359065576,340766.11289574066,342953.72282907047
341925.9002120376,340985.5176193139,338353.19737830135,342270.8323324719,337692.3009982468,333949.54609269457,340755.3840584021,342962.84234080825
341919.46290963446,340979.0803169108,338350.51516896667,342254.20263459714,337723.9510683955,333955.44695323077,340754.31117466826,342975.7169456145
341838.9966295954,340951.72178169753,338360.7075644383,342275.6603092743,337714.83155665774,333973.68597670627,340782.2061517485,342989.6644341546
4414.916564812251,-922831.287721549,-1864909.0367447182,4480794.844722133,-506998.7186191939,3854024.214032199,-15360.476417598298,-2058817.2148248216
341856.16276933707,340948.50313049596,338370.89995990996,342270.8323324719,337737.3621150687,333966.1757905693,340779.5239424138,342990.2008760215
342498.82012591604,8830.36957149143,-1884114.192022585,-3758381.9935777183,41.30602375340745,-1006307.006634117,-1286458.9436601335,-28523.150506395163
341841.67883893003,340952.2582235644,338368.7541924422,342281.5611698105,337757.74690601195,333984.9512559118,340783.8154773493,343005.7576901624
341852.9441181355,340944.21159556054,338373.04572737764,342291.7535652821,337769.54862708435,333971.5402092386,340791.86210535315,343007.90345763013
341836.3144202607,340945.8209211613,-1124997.988342999,170906.62370999143,170472.6422396472,169189.47329395692,171145.3403407741,-4331132.928268067
341857.77209493786,340952.7946654314,338381.0923553816,342296.5815420844,337771.15795268514,333968.321558037,340792.934989087,343021.31450430333
341835.77797839383,340949.03957236285,338383.7745647162,342274.5874255404,337759.35623161274,333986.5605815125,340802.0545008248,343023.99671363796
341832.0228853253,340936.1649675566,338410.06021619565,347168.01013565186,141292.350446266,-3954412.872125253,2901051.8671336016,1213559.1761540386
341819.684722386,340942.60226995975,338415.96107673185,342312.13835622533,337753.45537107653,333980.1232791094,340814.3926637641,343032.04334164184
341825.5855829222,340940.99294435896,338420.78905353416,342302.4824026206,337763.64776654815,333971.5402092386,340829.41303603805,343030.970457908
341800.3728151766,340947.4302467621,338421.86193726806,342307.31037942297,337758.2833478789,333989.7792327141,340828.87659417116,343041.69929524657
341836.3144202607,340954.40399103216,338425.6170303365,342316.42989116075,337773.84016201977,333989.2427908472,340826.19438483653,343037.94420217804
341806.81011757976,340976.3981075762,338436.882309542,342317.5027748946,337782.4232318906,333996.75297698413,340842.2876408443,343044.9179464481
341834.16865279304,340971.5701307738,338446.5382631467,342330.37737970083,337778.66813882213,333997.2894188511,340851.4071525821,343047.0637139158
341859.91786240553,340975.3252238423,338449.7569143483,342334.66891463625,337771.6943945521,333993.5343257826,340847.11561764666,343045.45438831503
341846.50681573234,340966.20571210457,338461.55863542063,342335.2053565032,337774.9130457536,333990.852116448,340862.13598992064,343045.45438831503
341827.7313503899,340970.49724704,338461.55863542063,342340.03333330556,337758.2833478789,333995.6800932503,340857.3080131183,343047.60015578277
341845.4339319985,340981.76252624544,338446.5382631467,342337.8875658378,337795.29783669685,334021.96574472974,340854.0893619167,343051.35524885124
341837.9237458615,340977.47099131,338455.6577748845,342325.0129610316,337784.56899935834,334010.16402365733,340858.91733871907,343045.45438831503
341843.2881645308,340977.47099131,338451.366239949,342331.45026343473,337799.05292976537,334009.62758179044,340873.4012691261,343055.1103419197
341873.8653509457,340985.5176193139,338464.7772866222,342344.324868241,337826.41146497865,334023.03862846363,340855.1622456506,343050.2823651174
341826.65846665605,340986.05406118085,338461.55863542063,342334.13247276936,337799.58937163226,334025.1843959313,340860.52666431986,343061.54764432285
341833.0957690592,341004.8295265233,338461.55863542063,342357.1994730472,337807.09955776925,334036.9861170037,340869.64617605763,343064.76629552443
341847.57969946624,340997.85578225326,338457.80354235217,342345.93419384176,337809.7817671039,334031.0852564675,340867.5004085899,343075.49513286294
341854.5534437363,341001.6108753217,338458.3399842191,342347.54351944255,337813.5368601724,334042.8869775399,340869.1097341907,343078.7137840645
341864.7458392079,341004.2930846564,338463.1679610214,342330.37737970083,337821.0470463094,334038.5954426045,340863.74531552143,343076.0315747299
341868.50093227637,341006.4388521241,338470.6781471584,342351.298612511,337833.92165111564,334036.9861170037,340856.7715712514,343080.3231096653
341864.7458392079,341004.2930846564,338480.33410076314,342365.78254291805,337828.5572324464,334040.2047682053,340867.5004085899,343083.00531899993
341842.7517226639,341011.26682892645,338475.5061239608,342348.6164031764,337815.6826276401,334052.5429311446,340881.98433899693,343077.6409003307
341863.67295547406,341005.9024102572,338478.1883332954,342371.68340345426,337843.5776047203,334043.95986127376,340882.5207808639,343084.0782027338
341877.0840021472,341012.3397126603,338488.91717063397,342373.829170922,337827.4843487125,334046.6420706084,340878.7656877954,343081.39599339914
341860.9907461394,341009.65750332567,338493.2087055694,342393.6775199983,337832.8487673818,334047.17851247534,340897.0047112709,343083.00531899993
341885.6670720181,341025.7507593335,338499.6460079725,342377.0478221235,337861.2801863289,334056.2980242131,340884.13010646467,343094.27059820545
341899.61456055817,341028.96941053506,338510.911287178,342379.7300314582,337863.42595379666,334054.6886986123,340876.0834784607,343088.90617953613
341873.32890907873,341028.4329686681,338521.1036826496,342395.28684559907,337840.3589535188,334054.6886986123,340891.64029260166,343089.97906327003
341875.47467654647,341031.6516198697,338517.3485895811,342388.313101329,337858.06153512734,334052.5429311446,340890.56740886776,343094.80704007234
341876.01111841336,341031.6516198697,338522.17656638345,342400.11482240143,337847.33269778884,334058.4437916808,340889.4945251339,343100.70790060854
341868.50093227637,341030.0422942689,338519.4943570488,342414.59875280847,337842.5047209865,334067.5633034186,340905.05133927485,343103.9265518101
341903.36965362664,341031.11517800274,338525.9316594519,342436.5928693525,337848.4055815227,334070.2455127532,340899.15047873865,343102.3172262093
341876.01111841336,341023.06854999886,338520.56724078266,342396.89617119986,337825.3385812448,334061.66244288237,340926.50901395193,343106.07231927785
341882.9848626834,341020.38634066423,338515.7392639803,342418.8902877439,337850.01490712346,334068.6361871524,340920.6081534157,343117.8740403502
341888.3492813527,341036.47959667206,338501.7917754402,342395.823287466,337851.62423272425,334089.02097809565,340901.8326880733,343117.8740403502
341909.8069560298,341052.5728526799,338502.32821730716,342400.11482240143,337870.93613993365,334095.4582804988,340929.7276651535,343114.6553891487
341938.23837497697,341048.28131774446,338499.6460079725,342414.59875280847,337880.05565167137,334090.09386182955,340937.7742931574,343119.483365951
341925.9002120376,341050.42708521214,338507.6926359764,342403.33347360295,337886.4929540745,334095.99472236575,340947.966688629,343121.0926915518
341930.191746973,341046.1355502767,68.6645589667033,-3529015.008093716,-3543228.5717998235,-3583714.912380566,-3521290.2452099617,-3593963.0978063466
341928.04597950535,341056.8643876153,338511.4477290449,342426.4004738809,337869.32681433286,334102.9684666358,340929.7276651535,343129.1393195557
341937.70193311,341065.983899353,338523.2494501173,342431.7648925501,337907.9506287516,334099.21337356727,340919.5352696819,343146.3054592974
341929.6553051061,341068.6661086877,338531.29607812123,342433.9106600178,337893.46669834456,334099.21337356727,340923.29036275035,343147.91478489817
341936.0926075092,341072.9576436231,338537.19693865743,342427.4733576147,338069.95607256365,1103.460920269599,-2468486.066876181,-2686152.7188006304
341944.67567738006,341068.6661086877,338537.19693865743,342439.2750786871,337897.75823328,334103.5049085027,340932.946316355,343143.62324996275
341924.2908864368,341064.9110156192,338544.1706829275,342442.4937298887,337880.5920935383,334106.72355970426,340943.13871182664,343147.3783430312
341917.8535840337,341071.3483180223,338539.3427061251,342417.81740401,337875.22767486906,334113.6973039743,340953.8675491652,343158.64362223673
341951.1129797832,341076.7127366916,338548.4622178629,342432.3013344171,337913.3150474209,334112.62442024046,340942.60226995975,343155.42497103516
341936.6290493762,341072.42120175617,338552.7537527983,342436.05642748554,337898.8311170139,334114.23374584125,340960.84129343525,343158.1071803698
341948.9672123155,341078.32206229237,338555.9724039999,342436.5928693525,337886.4929540745,334119.5981645105,340956.01331663295,343154.35208730126
341932.87395630765,341083.6864809616,338556.50884586683,342432.83777628397,337896.68534954614,334119.5981645105,340964.0599446368,343165.0809246398
341951.1129797832,341083.15003909473,338578.5029624108,342457.5141021626,337905.26841941697,334121.74393197824,340973.71589824156,343161.86227343825
341942.5299099124,341087.97801589704,338572.0656600077,342437.1293112194,337896.68534954614,334118.52528077667,340984.44473558007,343162.3987153052
341959.69604965404,341096.024643901,338562.9461482699,342439.811520554,337922.43455915863,334127.1083506475,340975.3252238423,343176.88264571223
341967.7426776579,341099.77973696945,338569.3834506731,342451.6132416264,337926.18965222716,334128.7176762483,340972.10657264077,343170.98178517603
341937.70193311,341097.0975276348,338580.1122880116,342444.6394973564,337906.87774501776,334124.9625831798,340990.8820379832,343164.008040906
341946.8214448478,341105.68059750565,338580.64872987854,342440.34796242096,337915.99725675554,334137.83718798606,340986.05406118085,343171.518227043
341945.7485611139,341100.3161788364,338575.8207530762,342459.65986963036,337918.67946609017,334133.0092111837,340991.4184798501,343169.37245957524
341983.29949179885,341097.63396950177,338595.6691021525,342473.07091630355,337955.1575130412,334139.98295545374,340969.96080517303,343177.4190875792
341968.8155613918,341105.14415563876,338596.2055440194,342474.1438000374,337957.30328050896,334137.83718798606,340980.6896425116,343182.2470643815
341967.7426776579,341112.1178999088,338597.2784277533,342479.50821870664,337932.09051276336,334146.95669972384,340983.3718518462,343183.8563899823
341984.90881739964,341122.84673724737,338598.35131148715,342478.4353349728,337973.9329783837,334143.2016066553,341006.97529399104,343181.7106225146
341975.2528637949,341122.84673724737,338601.0335208218,342487.5548467106,337959.9854898436,334151.78467652615,341010.1939451926,343186.00215745
341977.93507312954,341129.8204815174,338607.4708232249,342488.0912885775,337940.6735826342,334146.95669972384,341003.2202009225,343194.0487854539
341981.1537243311,341130.89336525125,338608.0072650918,342480.58110244054,337955.1575130412,334145.34737412306,340998.3922241202,343203.1682971917
341958.08672405325,341129.28403965046,338604.25217202335,342455.36833469494,337936.3820476988,334155.5397695947,340995.17357291863,343207.99627399404
341996.71053847205,341176.4909239401,338606.934381358,342483.26331177517,337967.4956759806,334153.39400212694,341005.9024102572,343202.6318553247
342021.3868643507,341173.80871460546,338601.5699626887,342483.79975364206,337966.4227922467,334163.58639759856,341010.1939451926,343206.38694839325
341994.5647710043,341167.90785406926,338610.68947442644,342482.1904280413,337960.5219317105,334158.2219789293,341015.0219219949,343213.3606926633
342009.04870141135,341166.83497033536,338612.29880002723,342493.4557072468,337970.7143271821,334168.95081626787,340998.9286659871,343222.4802044011
342026.75128301996,341164.15276100073,338616.59033496265,342492.91926537984,337984.1253738553,334163.58639759856,341006.4388521241,343213.3606926633
341991.34611980274,341153.9603655291,338623.0276373658,342504.1845445853,337962.6676991782,334171.6330256025,341027.3600849343,343225.1624137357
342024.0690736853,341159.8612260653,338632.1471491036,342511.1582888554,337981.44316452066,334175.9245605379,341025.7507593335,343219.79799506644
341975.78930566186,341157.71545859764,338634.8293584382,342509.5489632546,337960.5219317105,334185.0440722757,341041.8440153413,343217.1157857318
341984.3723755327,341161.4705516661,338631.0742653697,342496.6743584483,337950.8659781058,334181.8254210741,341034.3338292043,343225.69885560265
341998.8563059397,341176.4909239401,338634.29291657126,342493.4557072468,337971.25076904905,334197.382235215,341025.7507593335,343218.18866946566
141292.88688813293,2039729.003873945,1547536.0807819464,-684878.5501573742,-315746.4642222481,-4270832.570890495,-1809881.3664771756,-2548158.412952234
342010.65802701213,341167.90785406926,338628.928497902,342512.7676144561,337987.34402505687,334201.1373282835,341041.30757347436,343232.13615800574
342026.75128301996,341163.0798772669,338633.75647470437,342511.6947307223,337998.07286239543,334198.4551189488,341043.989782809,343229.4539486711
341985.44525926653,341163.0798772669,338638.5844515067,342503.11166085146,337970.7143271821,334210.25684002123,341056.8643876153,343240.1827860097
342021.3868643507,341174.8815983393,338630.5378235028,342507.9396376538,337998.6093042623,334217.23058429133,341031.6516198697,343240.1827860097
342028.8970504877,341172.1993890047,338630.00138163584,342511.6947307223,338003.97372293164,334218.8399098921,341056.8643876153,343248.7658558805
342045.5267483624,341175.95448207314,338628.39205603505,342529.3973123309,338020.60342080635,334229.56874723063,341043.4533409421,343255.73960015055
342045.5267483624,341165.7620866015,338644.4853120429,342529.93375419785,338023.285630141,334216.15770055744,341053.6457364137,343253.5938326829
342011.1944688791,341166.83497033536,340301.5542389815,8830.36957149143,-1530354.3842261296,-3298054.7902649394,558146.8413051178,-481160.4596567702
342024.0690736853,341171.1265052708,338658.9692424499,342535.2981728671,337997.5364205285,334219.91279362596,341062.22880628455,343258.95825135213
342014.4131200806,341169.51717967005,338682.03624272783,342554.6100800765,337986.271141323,334226.35009602905,341084.7593646955,343258.95825135213
342034.7979110239,341179.1731332747,338678.81759152625,342574.99487101974,338017.9212114717,334236.0060496338,341069.2025505546,343261.1040188198
342054.6462601002,341183.46466821013,338676.6718240585,342560.5109406127,338020.06697893946,334229.03230536374,341069.2025505546,343263.24978628755
342001.53851527435,341182.3917844763,338676.1353821916,342573.38554541895,338029.72293254413,334239.22470083536,341084.7593646955,343268.0777630899
342020.3139806168,341201.7036916857,338669.6980797885,342564.8024755481,337977.6880714522,334241.37046830304,341082.6135972278,343275.05150735995
342053.57337636634,341198.4850404841,338676.6718240585,342562.1202662135,338028.11360694334,334237.61537523457,341087.97801589704,343277.7337166946
342059.47423690255,341204.3859010203,338670.2345216554,342572.3126616851,337999.6821879962,334234.93316589994,341090.6602252317,343278.8066004284
342236.5000529886,341290.2165997287,338651.99549817987,342518.66847499233,338009.87458346784,334234.396724033,341059.5465969499,343260.03113508597
342194.1211455013,341276.8055530555,338668.62519605464,342548.17277767335,338031.3322581449,334234.396724033,341042.38045720826,343272.9057398922
342201.63133163826,341269.83180878544,338680.96335899393,342548.17277767335,338031.86870001187,334225.81365416216,341055.2550620145,343265.3955537553
342151.2057961471,341251.056343443,338707.2490104734,342573.9219872859,338005.58304853237,334242.4433520369,341083.6864809616,343256.8124838844
342146.9142612117,341245.1554829068,338704.56680113875,342573.38554541895,338027.0407232095,334240.8340264361,341101.38906257023,343262.7133444206
342138.33119134087,341244.08259917295,338707.2490104734,342574.99487101974,338010.9474672017,334239.76114270225,341090.1237833648,343263.24978628755
342132.96677267156,341247.30125037447,338708.85833607416,342568.5575686166,338007.7288160001,334240.8340264361,341097.0975276348,343273.9786236261
342130.8210052039,341237.6452967698,338714.75919661036,342576.6041966205,338022.7491882741,334239.76114270225,341086.9051321632,343278.8066004284
342143.1591681432,341247.8376922414,338723.3422664812,342584.6508246244,338046.3526304189,334259.6094917786,341089.05089963094,343285.7803446985
342145.84137747786,341258.03008771304,338721.7329408804,342578.7499640882,338037.769560548,334258.5366080447,341086.9051321632,343285.7803446985
342120.62860973226,341254.27499464457,338716.36852221115,342576.6041966205,338047.42551415274,334267.6561197825,341091.73310896556,343295.97274017014
342143.1591681432,341248.37413410837,338730.3160107513,342584.1143827575,338059.22723522515,334259.07304991165,341109.4356905742,343295.4362983032
342112.0455398614,341247.30125037447,338724.4151502151,342586.79659209214,338038.30600241496,334265.5103523148,341107.8263649734,343307.2380193756
342128.67523773614,341255.8843202453,338732.461778219,342585.18726649135,338040.9882117496,334274.09342218563,341110.508574308,343306.70157750865
342128.67523773614,341249.4470178422,338733.5346619528,342589.47880142677,338068.8831888298,334282.1400501895,341113.19078364264,343311.529554311
342139.94051694166,341249.98345970915,338741.58128995675,342603.42628996685,338064.5916538944,334278.38495712104,341111.58145804185,343313.6753217787
342134.03965640545,341252.12922717683,338750.1643598276,342599.13475503144,338056.5450258905,334280.5307245887,341122.3102953804,343312.06599617796
342115.26419106295,341240.8639479714,338751.2372435614,342589.47880142677,338043.1339792173,334285.3587013911,341125.528946582,343314.21176364564
342146.37781934475,341256.9572039792,338752.8465691622,342597.52542943065,338081.75779363606,334291.2595619273,341130.3569233843,343310.99311244406
342127.06591213535,341251.5927853099,338750.1643598276,342596.4525456968,338076.92981683376,334294.47821312887,341121.2374116466,343315.2846473795
342117.4099585307,341251.5927853099,338754.99233662995,342597.52542943065,338062.4458864267,334288.57735259266,341149.6688305937,343317.4304148472
342124.9201446677,341252.12922717683,338743.19061555754,342631.85770891403,338096.77816591004,334296.62398059655,341143.2315281906,343327.0863684519
342124.3837028007,341313.8200418735,338744.79994115833,342610.40003423695,338083.36711923685,334310.03502726974,341152.3510399283,343319.5761823149
342124.9201446677,341300.4089952003,338763.5754065008,342631.3212670471,338074.2476074991,334305.2070504674,341156.64257486374,343326.549926585
342095.9522838536,341289.14371599484,338767.33049956925,342627.5661739786,338071.56539816444,334305.7434923343,341166.83497033536,343331.91434525425
342106.1446793252,341299.87255333335,338761.42963903304,342630.7848251802,338069.95607256365,334315.93588780594,341153.4239236622,343337.81520579045
342133.5032145385,341296.65390213183,338770.0127089039,342653.85182545806,338088.73153790616,334304.6706086005,341149.6688305937,343337.2787639235
342135.1125401393,341298.7996695995,338775.3771275732,342636.6856857164,338087.65865417226,334304.13416673354,341163.0798772669,343339.42453139124
342229.5263087185,341363.1726936308,338741.0448480898,342616.30089477316,338106.4341195147,334320.7638646083,341116.94587671116,343344.7889500605
342219.8703551138,341361.56336803,338748.5550342268,342627.5661739786,338106.4341195147,334330.419818213,341115.87299297727,343341.5702988589
342235.4271692547,341358.34471682843,338757.1381040976,342624.883964644,338109.1163288494,334325.0553995437,341127.6747140497,343343.1796244597
342199.4855641706,341342.78790268756,338760.89319716615,342614.1551273054,338088.73153790616,334317.54521340673,341136.79422578745,343346.93471752823
342212.8966108438,341343.8607864214,843750.637024717,42773.192259453805,2292667.7814326026,42345.11164964577,42828.982213614254,1167259.4150614042
342196.80335483595,341327.7675304136,338766.2576158354,349365.2760225864,70646.175223133,-904940.4150176544,3234705.8337576194,-2618806.7339428347
342165.68972655415,341314.3564837404,338783.42375557707,342773.47836178285,282586.3102181328,-4393198.7158296965,3270854.505402387,-455692.88202439336
342157.6430985502,341320.79378614353,338785.03308117785,342643.65942998644,338067.273863229,334322.909632076,341193.65706368175,343361.95508980216
342152.27867988095,341325.08532107895,338780.74154624244,342645.8051974541,338072.63828189834,334328.8104926122,341196.3392730164,343367.85595033836
342160.8617497518,341322.9395536113,338787.7152905125,342669.9450814659,338088.73153790616,334330.419818213,341177.027365807,343381.26699701155
342178.0278894935,341320.2573442766,338783.42375557707,342677.45526760287,338110.18921258324,334341.68509741843,341171.1265052708,343391.9958343501
342182.3194244289,341332.059065349,338782.3508718432,342666.1899883974,338116.6265149864,335907.0224651125,8830.36957149143,-1184285.007033945
342168.9083777557,341322.4031117443,338794.6890347826,342682.2832444052,338126.28246859106,334342.2215392854,341176.4909239401,343391.4593924832
342178.5643313604,341325.6217629459,338810.7822907904,342686.57477934065,338105.3612357809,334336.3206787492,-2249995.976685998,342163.5439590864
342161.39819161873,341315.4293674743,338813.46450012503,342675.8459420021,338116.09007311944,334343.2944230192,341184.0011100771,343385.0220900801
342181.246540695,341319.7209024097,338810.24584892346,342669.9450814659,338128.42823605874,334334.1749112815,341165.22564473463,343400.042462354
342176.9550057596,341326.1582048128,338785.5695230448,342650.0967323896,338137.0113059296,334347.58595795464,341193.65706368175,343414.52639276104
342183.92875002965,341323.47599547816,338792.54326731485,342669.9450814659,338145.0579339335,334347.58595795464,341191.51129621407,343413.4535090272
342210.75084337604,341339.0328096191,338793.0797091818,342666.1899883974,338160.0783062075,334355.6325859586,341185.61043567787,343411.3077415595
342211.287285243,341329.9132978813,338803.8085465203,342664.5806627966,338145.0579339335,334351.34105102316,341203.3130172864,343409.1619740918
342191.43893616664,341324.0124373451,338824.19333746354,342681.21036067134,338147.74014326814,334351.34105102316,341212.4325290242,343402.18822982174
342195.19402923516,341327.7675304136,338824.19333746354,342688.7205468083,338138.62063153036,334358.3147952932,341204.3859010203,343410.77129969257
342218.79747138,341332.059065349,338830.6306398667,342686.0383374737,338162.7605155421,334353.48681849084,341204.3859010203,343407.0162066241
342196.266912969,341327.7675304136,338829.55775613285,342698.376500413,338149.3494688689,334354.55970222474,341216.1876220927,343418.8179276965
342198.94912230363,341333.1319490829,338830.09419799974,342718.22484948934,338137.5477477965,334368.5071907648,341211.35964529036,343417.2086020957
342226.3076575169,341349.2252050907,338826.8755467982,342715.00619828777,338183.14530648536,334380.30891183723,341199.55792421795,343404.87043915637
342244.0102391255,341353.5167400261,338829.0213142659,342701.5951516146,338191.19193448924,334378.16314436955,341203.84945915337,343403.2611135556
342218.261029513,341347.6158794899,338819.9018025281,342705.88668655,338183.14530648536,334380.8453537042,341226.91645943123,343411.3077415595
342217.1881457792,341348.68876322376,338825.26622119744,342702.66803534847,338170.807143546,334380.30891183723,341230.1351106328,343412.9170671603
342202.70421537216,341343.3243445545,338829.55775613285,342696.76717481227,338176.1715622153,334378.16314436955,341243.00971543905,343415.59927649493
342194.6575873682,341366.3913448324,338825.26622119744,342699.9858260138,338166.5156086106,334395.3292841112,341241.40038983827,343422.036578898
342219.33391324687,341368.00067043316,338830.6306398667,342688.1841049414,338190.1190507554,334395.3292841112,341243.00971543905,343422.573020765
342227.9169831177,341364.7820192316,338830.09419799974,342706.42312841694,338206.2123067632,334396.938609712,341233.89020370133,343427.93743943423
342242.40091352473,341366.3913448324,338837.60438413674,342716.0790820216,338200.311446227,334398.01149344584,341238.71818050364,343430.08320690197
342226.3076575169,341363.70913549775,338835.45861666906,342698.91294227995,338177.7808878161,334400.69370278047,341248.91057597526,343434.3747418374
342242.9373553917,341377.12018217094,338845.6510121407,342715.00619828777,338212.1131672994,334407.1310051836,341230.67155249976,343441.3484861074
342242.40091352473,341385.1668101748,338851.01543080993,342728.9536868279,338194.4105856908,334410.34965638514,341240.3275061044,343449.39511411136
342234.35428552085,341383.55748457403,338856.91629134613,342712.8604308201,338199.2385624932,334407.6674470505,341256.9572039792,343448.32223037747
342245.0831228594,341386.7761357756,338868.1815705516,342726.8079193602,338205.1394230294,334406.59456331667,341240.8639479714,343452.077323446
342228.45342498465,341385.1668101748,338873.00954735395,342722.51638442476,338190.1190507554,334408.7403307844,341235.49952930206,343452.077323446
492187.55867332924,2260694.7732799975,-3926832.2499790494,-1676911.375154421,-270539.97165441175,3385569.3799936036,1416700.5916476955,-4208086.038599734
342264.39503006876,341397.5049731142,338860.1349425477,342720.370616957,338240.00814437965,334420.00560998986,341261.7851807815,343459.587509583
342230.5991924524,341381.94815897325,338871.40022175317,342728.9536868279,338222.30556277104,334414.6411913206,341277.8784367893,343463.8790445184
342235.96361112164,341391.067670711,338872.473105487,342728.9536868279,338215.331818501,334423.22426119144,341266.61315758387,343469.24346318765
342242.9373553917,341391.604112578,338864.96291935,342734.31810549716,338234.10728384345,334429.66156359453,341262.32162264845,343469.7799050546
342233.281401787,341389.45834511024,338901.44096630113,342749.33847777115,338240.5445862466,334431.2708891953,341259.1029714469,343473.53499812307
342248.30177406094,341390.5312288441,338911.0969199058,342755.77578017424,338233.0344001096,334424.8335867922,341255.3478783784,343472.4621143892
342237.0364948555,341390.5312288441,338913.2426873735,342753.63001270656,338227.66998144035,334428.05223799375,341263.3945063823,343479.9723005262
342225.77121565,341387.84901950945,338919.67998977663,342769.7232687144,338229.81574890803,334431.8073310623,341270.3682506524,343476.2172074577
342235.96361112164,341400.1871824488,527343.8128642814,1130347.3866399988,-2385290.9070600164,427170.2679598651,-2525895.0025910144,-979090.6285155569
342245.0831228594,341406.6244848519,338903.05029190186,349365.2760225864,70646.71166499992,712247.2777661417,-4376623.198583508,-351227.8021845582
342269.2230068711,341417.35332219047,338907.8782687042,342783.67075725447,338237.325935045,334438.24463346537,341281.0970879909,343486.4096029293
342241.86447165784,341409.8431360535,338896.0765476318,342756.3122220412,551.4622392013358,-1189817.332007567,-1298238.6706159916,-1621786.0724670975
342261.17637886724,341412.5253453881,338894.46722203103,342770.2597105813,338242.6903537143,334451.65568013856,341293.97169279715,343493.3833471994
342273.51454180654,341427.00927579514,338902.513850035,342775.08768738364,338236.7894931781,334459.16586627555,341286.9979485271,343486.94604479626
342281.0247279435,341432.37369446445,338899.2951988334,342769.18682684744,338242.1539118474,337280.3136444466,35323.0876115665,-3919756.04531241
342293.8993327498,341430.76436886366,338906.8053849704,342770.7961524482,338277.02263319766,334449.5099126709,341284.8521810594,343508.9401613403
342291.21712341515,341429.6914851298,338904.65961750265,342786.88940845605,338266.2937958591,334457.55654067476,341288.07083226094,343513.76813814265
342294.4357746167,341435.0559037991,338904.12317563576,342780.4521060529,338255.02851665363,334455.4107732071,341305.23697200266,343509.4766032072
342279.9518442097,341436.1287875329,338901.977408168,342779.37922231905,338255.5649585205,334460.77519187634,341365.8549029654,1103.460920269599
342290.1442396813,341450.07627607306,338905.1960593696,342784.2071991214,338281.85060999996,334466.67605241254,341288.6072741279,343526.10630108195
342317.5027748946,341466.1695320809,338905.73250123655,342789.0351759237,338276.4861913307,334477.4048897511,341287.53439039405,343518.59611494496
342336.27824023704,341458.6593459439,338905.73250123655,342790.1080596576,338285.06926120154,334476.3320060172,341283.24285545864,343528.2520685497
342315.3570074269,341455.4406947423,338913.7791292404,342802.98266446387,338271.12177266146,334474.7226804164,341288.6072741279,343529.8613941505
342312.13835622533,341459.1957878108,338918.6071060428,342800.30045512924,338265.75735399214,334476.86844788416,341287.53439039405,343532.5436034851
342308.91970502376,341452.22204354074,338937.38257138524,342812.10217620165,338273.8039819961,334472.0404710818,341315.96580934117,343538.9809058882
